name,datetime,tempmax,tempmin,temp,feelslikemax,feelslikemin,feelslike,dew,humidity,precip,precipprob,precipcover,preciptype,snow,snowdepth,windgust,windspeed,winddir,sealevelpressure,cloudcover,visibility,solarradiation,solarenergy,uvindex,severerisk,sunrise,sunset,moonphase,conditions,description,icon,stations
manhattan,2021-09-01,26.1,18.4,22.3,26.1,18.4,22.3,18.3,79.1,165.24,100,45.83,rain,0,0,57.4,39.4,122.3,1006.8,93.8,11.5,38.1,3.1,2,,2021-09-01T06:23:15,2021-09-01T19:27:54,0.86,"Rain, Overcast",Cloudy skies throughout the day with rain.,rain,"72505394728,KEWR,KLGA,72502014734,E5816,F8726,KNYC,F1417,72503014732"
manhattan,2021-09-02,24.9,16.9,20.4,24.9,16.9,20.4,12,61.2,18.18,100,12.5,rain,0,0,61,32.8,297.1,1008.9,51.8,15,260.5,22.6,9,,2021-09-02T06:24:13,2021-09-02T19:26:17,0.9,"Rain, Partially cloudy",Clearing in the afternoon with early morning rain.,rain,"72505394728,KEWR,KLGA,72502014734,KNYC,F1417,72503014732"
manhattan,2021-09-03,23,15.5,19.7,23,15.5,19.7,11.2,58.3,0,0,0,,0,0,31.7,13.5,312,1016.5,30.2,16,217.3,18.6,9,,2021-09-03T06:25:12,2021-09-03T19:24:39,0.94,Partially cloudy,Becoming cloudy in the afternoon.,partly-cloudy-day,"72505394728,KEWR,KLGA,72502014734,KNYC,F1417,72503014732"
manhattan,2021-09-04,25.8,17.2,21.2,25.8,17.2,21.2,12.8,59.6,0,0,0,,0,0,,10,307.7,1015.9,20.5,16,257.7,22.2,9,,2021-09-04T06:26:10,2021-09-04T19:23:01,0.97,Partially cloudy,Partly cloudy throughout the day.,partly-cloudy-day,"72505394728,KEWR,KLGA,72502014734,KNYC,F1417,72503014732"
manhattan,2021-09-05,23.7,19.5,21.9,23.7,19.5,21.9,17.1,74.1,0.67,100,8.33,rain,0,0,33.5,16.9,237.6,1011,68.1,16,58.1,4.9,3,,2021-09-05T06:27:09,2021-09-05T19:21:23,0.99,"Rain, Partially cloudy",Partly cloudy throughout the day with afternoon rain.,rain,"72505394728,KEWR,KLGA,72502014734,F8726,KNYC,F1417,72503014732"
manhattan,2021-09-06,28,21.5,24.2,27.5,21.5,24.1,15.8,63.1,0,0,0,,0,0,43.9,26.2,272.5,1009.2,61.2,15.4,252.5,22,9,,2021-09-06T06:28:07,2021-09-06T19:19:44,1,Partially cloudy,Partly cloudy throughout the day.,partly-cloudy-day,"72505394728,KEWR,KLGA,72502014734,KNYC,F1417,72503014732"
manhattan,2021-09-07,26.8,18.8,22.7,26.8,18.8,22.7,13.7,57.8,0,0,0,,0,0,35.3,12.5,274,1013.9,11.5,16,253.4,21.9,9,,2021-09-07T06:29:05,2021-09-07T19:18:05,0,Clear,Clear conditions throughout the day.,clear-day,"72505394728,KEWR,KLGA,72502014734,KNYC,F1417,72503014732"
manhattan,2021-09-08,28.3,21.9,24.7,30,21.9,25.1,18.7,69.7,0,0,0,,0,0,47.9,32.7,182.1,1010.7,43.3,16,161.7,14,6,,2021-09-08T06:30:04,2021-09-08T19:16:25,0.01,Partially cloudy,Partly cloudy throughout the day.,partly-cloudy-day,"72505394728,KEWR,KLGA,72502014734,F8726,KNYC,F1417,72503014732"
manhattan,2021-09-09,24.6,20.7,21.8,24.6,20.7,21.8,18.6,82.2,6.47,100,50,rain,0,0,77.8,25.1,235.9,1008.1,73.7,13.4,43,3.6,3,,2021-09-09T06:31:02,2021-09-09T19:14:45,0.04,"Rain, Partially cloudy",Partly cloudy throughout the day with a chance of rain throughout the day.,rain,"72505394728,KEWR,KLGA,72502014734,F8726,KNYC,F1417,72503014732"
manhattan,2021-09-10,23.6,18,20.8,23.6,18,20.8,11.3,56.8,0,0,0,,0,0,47.9,23.3,308.2,1012,23.1,16,241.8,20.9,9,,2021-09-10T06:32:01,2021-09-10T19:13:05,0.07,Partially cloudy,Becoming cloudy in the afternoon.,partly-cloudy-day,"72505394728,KEWR,KLGA,72502014734,KNYC,F1417,72503014732"
manhattan,2021-09-11,24.8,16.5,21,24.8,16.5,21,10.6,52.5,0,0,0,,0,0,31.7,24.1,262.8,1020.7,19.6,16,218.4,18.9,8,,2021-09-11T06:32:59,2021-09-11T19:11:24,0.12,Clear,Clear conditions throughout the day.,clear-day,"72505394728,KEWR,KLGA,72502014734,F8726,KNYC,F1417,72503014732"
manhattan,2021-09-12,28.1,19.6,23.8,28.9,19.6,24.1,16.1,62.7,0,0,0,,0,0,40.4,24.4,243.4,1018.3,23.6,16,211.4,18.2,7,,2021-09-12T06:33:58,2021-09-12T19:09:44,0.17,Partially cloudy,Partly cloudy throughout the day.,partly-cloudy-day,"72505394728,KEWR,KLGA,72502014734,F8726,KNYC,F1417,72503014732"
manhattan,2021-09-13,28.7,21.1,26,29.5,21.1,26.3,17.8,61.5,2.85,100,8.33,rain,0,0,59,21.4,278.3,1016.1,54.7,15.8,205,17.7,8,,2021-09-13T06:34:56,2021-09-13T19:08:03,0.23,"Rain, Partially cloudy",Partly cloudy throughout the day with late afternoon rain.,rain,"72505394728,KEWR,KLGA,72502014734,F8726,KNYC,F1417,72503014732"
manhattan,2021-09-14,26.1,20.6,23,26.1,20.6,23,18,74.1,0,0,0,,0,0,,17.4,128.9,1017.5,35.4,15.5,191.3,16.7,7,,2021-09-14T06:35:55,2021-09-14T19:06:22,0.28,Partially cloudy,Partly cloudy throughout the day.,partly-cloudy-day,"72505394728,KEWR,KLGA,72502014734,F8726,KNYC,F1417,72503014732"
manhattan,2021-09-15,29.9,22.9,25.8,32.3,22.9,26.6,20.5,73.8,0,0,0,,0,0,44.6,27.2,192.3,1014.5,39.1,14.3,191.3,16.5,8,,2021-09-15T06:36:53,2021-09-15T19:04:40,0.34,Partially cloudy,Partly cloudy throughout the day.,partly-cloudy-day,"72505394728,KEWR,KLGA,72502014734,E5816,KNYC,F1417,72503014732"
manhattan,2021-09-16,24.8,22,23.3,24.8,22,23.3,17.8,71.5,0,0,0,,0,0,,24.8,41.4,1021.4,82.1,16,114.5,9.7,7,,2021-09-16T06:37:52,2021-09-16T19:02:59,0.39,Partially cloudy,Partly cloudy throughout the day.,partly-cloudy-day,"72505394728,KEWR,KLGA,72502014734,E5816,KNYC,F1417,72503014732"
manhattan,2021-09-17,23.6,21.1,22.6,23.6,21.1,22.6,19.4,82.4,0,0,0,,0,0,,24.8,45.4,1022.9,99.1,14.2,53.9,4.7,3,,2021-09-17T06:38:51,2021-09-17T19:01:18,0.43,Overcast,Cloudy skies throughout the day.,cloudy,"72505394728,KEWR,KLGA,72502014734,KNYC,F1417,72503014732"
manhattan,2021-09-18,29.3,21,24.9,30.3,21,25.2,18.4,68.9,0,0,0,,0,0,,18.9,228.1,1017.4,55.9,16,167.3,14.4,6,,2021-09-18T06:39:49,2021-09-18T18:59:36,0.47,Partially cloudy,Partly cloudy throughout the day.,partly-cloudy-day,"72505394728,KEWR,KLGA,72502014734,E5816,KNYC,F1417,72503014732"
manhattan,2021-09-19,24.7,18.4,21.8,24.7,18.4,21.8,12.2,55.4,0,0,0,,0,0,37.1,24.2,172.7,1020.7,12.3,16,227.5,19.6,8,,2021-09-19T06:40:48,2021-09-19T18:57:55,0.49,Clear,Clear conditions throughout the day.,clear-day,"72505394728,KEWR,KLGA,72502014734,E5816,KNYC,F1417,72503014732"
manhattan,2021-09-20,23.8,17.3,20.4,23.8,17.3,20.4,13.5,64.7,0,0,0,,0,0,31.7,20,83.1,1026.5,37.8,16,176.1,15.3,9,,2021-09-20T06:41:47,2021-09-20T18:56:13,0.5,Partially cloudy,Partly cloudy throughout the day.,partly-cloudy-day,"72505394728,KEWR,KLGA,72502014734,E5816,KNYC,F1417,72503014732"
manhattan,2021-09-21,24,17.4,21.1,24,17.4,21.1,15.3,70.1,1.62,100,8.33,rain,0,0,,18.1,94.5,1026.8,68.1,15.5,172.5,14.9,6,,2021-09-21T06:42:47,2021-09-21T18:54:31,0.5,"Rain, Partially cloudy",Partly cloudy throughout the day with late afternoon rain.,rain,"72505394728,KEWR,KLGA,72502014734,E5816,KNYC,F1417,72503014732"
manhattan,2021-09-22,25.8,22.1,23.9,25.8,22.1,23.9,20.6,82.1,0.19,100,4.17,rain,0,0,42.5,27.4,151.2,1019,85.1,15.2,133.4,11.7,5,,2021-09-22T06:43:46,2021-09-22T18:52:50,0.52,"Rain, Partially cloudy",Partly cloudy throughout the day with morning rain.,rain,"72505394728,KEWR,KLGA,72502014734,E5816,KNYC,F1417,72503014732"
manhattan,2021-09-23,26.8,19,24.2,28.4,19,24.2,20.3,79.2,27.28,100,25,rain,0,0,57.4,35.9,162.1,1013.7,90.9,14.4,81.4,6.9,4,,2021-09-23T06:44:45,2021-09-23T18:51:09,0.53,"Rain, Overcast",Cloudy skies throughout the day with late afternoon rain.,rain,"72505394728,KEWR,KLGA,72502014734,E5816,F8726,KNYC,F1417,72503014732"
manhattan,2021-09-24,22.6,14.6,18.8,22.6,14.6,18.8,11.4,65.2,18.84,100,37.5,rain,0,0,73.8,20.7,293.9,1016.8,46.6,14.6,223.7,19.4,8,,2021-09-24T06:45:45,2021-09-24T18:49:27,0.56,"Rain, Partially cloudy",Clearing in the afternoon with rain clearing later.,rain,"72505394728,KEWR,KLGA,72502014734,E5816,KNYC,F1417,72503014732"
manhattan,2021-09-25,24.2,15.2,19.6,24.2,15.2,19.6,11,59.1,0,0,0,,0,0,50,11.6,167,1015.8,16.7,16,213.6,18.4,8,,2021-09-25T06:46:44,2021-09-25T18:47:46,0.6,Clear,Clear conditions throughout the day.,clear-day,"72505394728,KEWR,KLGA,72502014734,KNYC,F1417,72503014732"
manhattan,2021-09-26,22.5,17,19.6,22.5,17,19.6,8.9,51.7,0,0,0,,0,0,50,30.8,281.2,1012.3,24.8,16,214.5,18.5,8,,2021-09-26T06:47:44,2021-09-26T18:46:05,0.64,Partially cloudy,Partly cloudy throughout the day.,partly-cloudy-day,"72505394728,KEWR,KLGA,72502014734,E5816,KNYC,F1417,72503014732"
manhattan,2021-09-27,26,17,21.2,26,17,21.2,9.4,47.3,0,0,0,,0,0,50.2,37.4,233.1,1013.6,30.7,16,205.8,17.9,8,,2021-09-27T06:48:44,2021-09-27T18:44:25,0.68,Partially cloudy,Clearing in the afternoon.,partly-cloudy-day,"72505394728,KEWR,KLGA,72502014734,E5816,KNYC,F1417,72503014732"
manhattan,2021-09-28,22.2,18.2,20.6,22.2,18.2,20.6,14.4,67.9,5.17,100,8.33,rain,0,0,33.5,21.6,258.9,1010.4,52.9,15.2,76.4,6.4,4,,2021-09-28T06:49:45,2021-09-28T18:42:44,0.73,"Rain, Partially cloudy",Partly cloudy throughout the day with afternoon rain.,rain,"72505394728,KEWR,KLGA,72502014734,F6107,KNYC,F1417,72503014732"
manhattan,2021-09-29,20,13.2,17,20,13.2,17,6.2,49.8,0,0,0,,0,0,42.5,25,282,1014.9,48.7,16,200.5,17.3,8,,2021-09-29T06:50:45,2021-09-29T18:41:04,0.77,Partially cloudy,Becoming cloudy in the afternoon.,partly-cloudy-day,"72505394728,KEWR,KLGA,72502014734,F6107,KNYC,F1417,72503014732"
manhattan,2021-09-30,18.9,14.8,16.7,18.9,14.8,16.7,7,53.3,0,0,0,,0,0,42.5,36.6,320.9,1018.9,77.2,16,144.1,12.4,7,,2021-09-30T06:51:46,2021-09-30T18:39:24,0.82,Partially cloudy,Partly cloudy throughout the day.,partly-cloudy-day,"72505394728,KEWR,KLGA,72502014734,KNYC,F1417,72503014732"
manhattan,2021-10-01,19.6,11.4,15.5,19.6,11.4,15.5,6.5,56.2,0,0,0,,0,0,35.3,17.6,302.7,1023.1,13.1,16,208.2,17.9,8,,2021-10-01T06:52:47,2021-10-01T18:37:44,0.87,Clear,Clear conditions throughout the day.,clear-day,"72505394728,KEWR,KLGA,72502014734,KNYC,F1417,72503014732"
manhattan,2021-10-02,23.7,13.8,18.8,23.7,13.8,18.8,9.7,56.4,0,0,0,,0,0,40.7,23.8,232.6,1020.2,22.4,16,195.5,17,7,,2021-10-02T06:53:48,2021-10-02T18:36:05,0.91,Partially cloudy,Partly cloudy throughout the day.,partly-cloudy-day,"72505394728,KEWR,KLGA,72502014734,KNYC,F1417,72503014732"
manhattan,2021-10-03,25.5,16.3,21.3,25.5,16.3,21.3,14,64.1,0,0,0,,0,0,,15.8,215,1014.8,46.8,15.7,174,14.9,7,,2021-10-03T06:54:49,2021-10-03T18:34:26,0.95,Partially cloudy,Becoming cloudy in the afternoon.,partly-cloudy-day,"72505394728,KEWR,KLGA,72502014734,KNYC,F1417,72503014732"
manhattan,2021-10-04,23,17.3,20.4,23,17.3,20.4,17.9,85.9,4.43,100,25,rain,0,0,33.5,24.2,80.7,1014.4,96.6,11.9,29.3,2.4,1,,2021-10-04T06:55:51,2021-10-04T18:32:48,0.98,"Rain, Overcast",Cloudy skies throughout the day with rain.,rain,"72505394728,KEWR,KLGA,72502014734,F6107,KNYC,F1417,72503014732"
manhattan,2021-10-05,19,15.8,17.1,19,15.8,17.1,13.8,81.1,0,0,0,,0,0,,21.6,42.3,1023,100,15.7,61.1,5,3,,2021-10-05T06:56:52,2021-10-05T18:31:10,1,Overcast,Cloudy skies throughout the day.,cloudy,"72505394728,KEWR,KLGA,72502014734,F6107,F8726,KNYC,F1417,72503014732"
manhattan,2021-10-06,20.9,16.4,18.5,20.9,16.4,18.5,14.1,75.6,0,0,0,,0,0,,10.5,53.5,1027.7,95.5,16,71.5,6.1,3,,2021-10-06T06:57:55,2021-10-06T18:29:32,0,Overcast,Cloudy skies throughout the day.,cloudy,"72505394728,KEWR,KLGA,72502014734,KNYC,F1417,72503014732"
manhattan,2021-10-07,23.4,17,19.8,23.4,17,19.8,15.4,76.8,0,0,0,,0,0,,9,203.2,1024.9,58.1,15.5,150.2,13,8,,2021-10-07T06:58:57,2021-10-07T18:27:55,0.01,Partially cloudy,Partly cloudy throughout the day.,partly-cloudy-day,"72505394728,KEWR,KLGA,72502014734,KNYC,F1417,72503014732"
manhattan,2021-10-08,23.7,16.9,20.2,23.7,16.9,20.2,15.6,75.6,0,0,0,,0,0,,14.6,184.3,1020.9,41.7,14.2,156.2,13.4,6,,2021-10-08T07:00:00,2021-10-08T18:26:19,0.03,Partially cloudy,Becoming cloudy in the afternoon.,partly-cloudy-day,"72505394728,KEWR,KLGA,72502014734,KNYC,F1417,72503014732"
manhattan,2021-10-09,20,16.4,18.1,20,16.4,18.1,13.3,73.5,0,0,0,,0,0,37.1,23.2,58.2,1023.3,94.1,16,58.1,5.1,2,,2021-10-09T07:01:03,2021-10-09T18:24:43,0.06,Overcast,Cloudy skies throughout the day.,cloudy,"72505394728,KEWR,KLGA,72502014734,F8726,KNYC,F1417,72503014732"
manhattan,2021-10-10,19.4,16.6,17.7,19.4,16.6,17.7,14.9,84.1,3.88,100,29.17,rain,0,0,37.1,25.8,56.4,1021.4,99,13.8,44.4,3.8,2,,2021-10-10T07:02:06,2021-10-10T18:23:08,0.11,"Rain, Overcast",Cloudy skies throughout the day with rain in the morning and afternoon.,rain,"72505394728,KEWR,KLGA,72502014734,F8726,KNYC,F1417,72503014732"
manhattan,2021-10-11,22,17,19,22,17,19,14.2,74.4,0,0,0,,0,0,48.1,24.7,47.5,1018.4,78,16,123.6,10.6,6,,2021-10-11T07:03:10,2021-10-11T18:21:33,0.16,Partially cloudy,Partly cloudy throughout the day.,partly-cloudy-day,"72505394728,KEWR,KLGA,72502014734,F8726,KNYC,F1417,72503014732"
manhattan,2021-10-12,21.1,16.6,18.6,21.1,16.6,18.6,14.6,77.8,0,0,0,,0,0,,12.5,82.6,1019.2,76.4,16,90,7.8,4,,2021-10-12T07:04:13,2021-10-12T18:19:59,0.21,Partially cloudy,Partly cloudy throughout the day.,partly-cloudy-day,"72505394728,KEWR,KLGA,72502014734,KNYC,F1417,72503014732"
manhattan,2021-10-13,20.9,17.4,19.3,20.9,17.4,19.3,15.8,79.8,0,0,0,,0,0,,9.4,233.1,1016.6,92.8,15,41.5,3.6,2,,2021-10-13T07:05:18,2021-10-13T18:18:26,0.27,Overcast,Cloudy skies throughout the day.,cloudy,"72505394728,KEWR,KLGA,72502014734,F8726,KNYC,F1417,72503014732"
manhattan,2021-10-14,25,17.8,20.9,25,17.8,20.9,14.9,70.3,0,0,0,,0,0,33.5,13,241.2,1013.6,42.8,14.4,157.4,13.8,7,,2021-10-14T07:06:22,2021-10-14T18:16:54,0.33,Partially cloudy,Partly cloudy throughout the day.,partly-cloudy-day,"72505394728,KEWR,KLGA,72502014734,F8726,KNYC,F1417,72503014732"
manhattan,2021-10-15,26.5,18.2,21.6,26.5,18.2,21.6,15.4,68.5,0,0,0,,0,0,,13.6,131.5,1012.8,28.9,16,166,14.4,6,,2021-10-15T07:07:27,2021-10-15T18:15:22,0.37,Partially cloudy,Partly cloudy throughout the day.,partly-cloudy-day,"72505394728,KEWR,KLGA,72502014734,F8726,KNYC,F1417,72503014732"
manhattan,2021-10-16,24.5,15,20.9,24.5,15,20.9,15.5,71.7,5.59,100,16.67,rain,0,0,50,22.6,199.8,1007.3,63.1,15.2,133.9,11.7,7,,2021-10-16T07:08:32,2021-10-16T18:13:51,0.42,"Rain, Partially cloudy",Partly cloudy throughout the day with late afternoon rain.,rain,"72505394728,KEWR,KLGA,72502014734,F8726,KNYC,F1417,72503014732"
manhattan,2021-10-17,16.7,12.1,14,16.7,12.1,14,7.6,66.1,0.39,100,12.5,rain,0,0,46.4,23.4,282,1009,38.8,16,152.9,13.2,7,,2021-10-17T07:09:38,2021-10-17T18:12:21,0.45,"Rain, Partially cloudy",Becoming cloudy in the afternoon with rain.,rain,"72505394728,KEWR,KLGA,72502014734,F8726,KNYC,F1417,72503014732"
manhattan,2021-10-18,15.2,10,12.1,15.2,8.4,11.9,3.8,57.9,0,0,0,,0,0,49.2,30.5,284.7,1011.4,45.6,15.9,124.4,10.5,7,,2021-10-18T07:10:44,2021-10-18T18:10:52,0.48,Partially cloudy,Partly cloudy throughout the day.,partly-cloudy-day,"72505394728,KEWR,KLGA,72502014734,F8726,KNYC,F1417,72503014732"
manhattan,2021-10-19,19.4,8.9,13.8,19.4,6.7,13.2,3.9,53,0,0,0,,0,0,44.6,25.3,266.9,1015,11.7,16,175.9,15.2,7,,2021-10-19T07:11:50,2021-10-19T18:09:24,0.49,Clear,Clear conditions throughout the day.,clear-day,"72505394728,KEWR,KLGA,72502014734,F8726,KNYC,F1417,72503014732"
manhattan,2021-10-20,24.3,14.4,19.2,24.3,14.4,19.2,7.8,48.6,0,0,0,,0,0,33.5,23.8,278.6,1015.5,16.7,16,164.6,14.4,7,,2021-10-20T07:12:57,2021-10-20T18:07:57,0.5,Clear,Clear conditions throughout the day.,clear-day,"72505394728,KEWR,KLGA,72502014734,F8726,KNYC,F1417,72503014732"
manhattan,2021-10-21,23.9,15.5,19.5,23.9,15.5,19.5,10.3,55.9,0,0,0,,0,0,36,16.6,218.8,1014.5,21.8,16,166.7,14.6,6,,2021-10-21T07:14:03,2021-10-21T18:06:31,0.51,Partially cloudy,Partly cloudy throughout the day.,partly-cloudy-day,"72505394728,KEWR,KLGA,72502014734,F8726,KNYC,F1417,72503014732"
manhattan,2021-10-22,20.6,15,18.3,20.6,15,18.3,10.4,60.6,0,0,0,,0,0,51.8,17.3,279.5,1011.1,50.9,16,145.5,12.7,7,,2021-10-22T07:15:11,2021-10-22T18:05:05,0.52,Partially cloudy,Partly cloudy throughout the day.,partly-cloudy-day,"72505394728,KEWR,KLGA,72502014734,E5816,F8726,KNYC,F1417,72503014732"
manhattan,2021-10-23,15.2,10,13,15.2,8.7,12.9,5.9,61.9,0.24,100,12.5,rain,0,0,,13.1,234,1014.6,86.5,15.9,68.3,6,3,,2021-10-23T07:16:18,2021-10-23T18:03:41,0.54,"Rain, Partially cloudy",Partly cloudy throughout the day with morning rain.,rain,"72505394728,KEWR,KLGA,72502014734,E5816,KNYC,F1417,72503014732"
manhattan,2021-10-24,15.4,9.3,12.4,15.4,8.1,12.1,5.6,64.1,0,0,0,,0,0,,11.4,242.1,1020.3,50.9,16,90.5,8,3,,2021-10-24T07:17:26,2021-10-24T18:02:18,0.57,Partially cloudy,Partly cloudy throughout the day.,partly-cloudy-day,"72505394728,KEWR,KLGA,72502014734,E5816,F8726,KNYC,F1417,72503014732"
manhattan,2021-10-25,23,13.5,18.6,23,13.5,18.6,15.5,82.9,3.08,100,37.5,rain,0,0,,11,154.1,1013.2,72.6,13.7,98.3,8.3,4,,2021-10-25T07:18:34,2021-10-25T18:00:57,0.61,"Rain, Partially cloudy",Partly cloudy throughout the day with rain.,rain,"72505394728,KEWR,KLGA,72502014734,E5816,KNYC,F1417,72503014732"
manhattan,2021-10-26,17.6,13.7,15.4,17.6,13.7,15.4,13.6,89.1,80.45,100,66.67,rain,0,0,56.9,36.7,112.9,997.6,99,9.7,46.2,4,3,,2021-10-26T07:19:43,2021-10-26T17:59:36,0.65,"Rain, Overcast",Cloudy skies throughout the day with a chance of rain throughout the day.,rain,"72505394728,KEWR,KLGA,72502014734,E5816,KNYC,F1417,72503014732"
manhattan,2021-10-27,16.1,12.8,14.3,16.1,12.8,14.3,8.7,70,8,100,29.17,rain,0,0,51.8,34.5,168,1004,97.7,15.4,94.7,8.3,5,,2021-10-27T07:20:52,2021-10-27T17:58:16,0.69,"Rain, Overcast",Cloudy skies throughout the day with rain clearing later.,rain,"72505394728,KEWR,F7223,KLGA,72502014734,E5816,KNYC,F1417,72503014732"
manhattan,2021-10-28,14.4,9.6,12.2,14.4,8.4,12.2,5.7,64.5,0,0,0,,0,0,,16.6,121,1013.7,56.9,16,133.6,11.5,6,,2021-10-28T07:22:01,2021-10-28T17:56:58,0.74,Partially cloudy,Partly cloudy throughout the day.,partly-cloudy-day,"72505394728,KEWR,KLGA,72502014734,F8726,KNYC,F1417,72503014732"
manhattan,2021-10-29,13.7,8.8,12,13.7,6.7,11.6,6.5,69.6,8.71,100,16.67,rain,0,0,52.2,27.2,72.2,1010.9,93.2,14.9,61.7,5.3,3,,2021-10-29T07:23:10,2021-10-29T17:55:41,0.79,"Rain, Overcast",Cloudy skies throughout the day with late afternoon rain.,rain,"72505394728,KEWR,KLGA,72502014734,E5816,KNYC,F1417,72503014732"
manhattan,2021-10-30,18.2,11.7,15.1,18.2,11.7,15.1,12.3,83.8,11.98,100,45.83,rain,0,0,40.2,22.3,86.7,1003,87.1,13.6,70.5,6.1,6,,2021-10-30T07:24:20,2021-10-30T17:54:26,0.84,"Rain, Partially cloudy",Partly cloudy throughout the day with rain.,rain,"72505394728,KEWR,KLGA,72502014734,E5816,KNYC,F1417,72503014732"
manhattan,2021-10-31,18,13.3,15.3,18,13.3,15.3,11,76.9,1.63,100,16.67,rain,0,0,42.5,20.4,247.2,1001.9,85,13.9,110.1,9.6,6,,2021-10-31T07:25:29,2021-10-31T17:53:11,0.88,"Rain, Partially cloudy",Partly cloudy throughout the day with rain clearing later.,rain,"72505394728,KEWR,KLGA,72502014734,E5816,KNYC,F1417,72503014732"
manhattan,2021-11-01,15.1,11.3,13.3,15.1,11.3,13.3,3.8,54.5,0,0,0,,0,0,37.1,20.9,278.2,1016.3,32.4,16,149.1,13,7,,2021-11-01T07:26:40,2021-11-01T17:51:58,0.93,Partially cloudy,Partly cloudy throughout the day.,partly-cloudy-day,"72505394728,KEWR,KLGA,72502014734,E5816,KNYC,F1417,72503014732"
manhattan,2021-11-02,11.7,8.5,10.6,11.7,6.6,10.3,1.7,54.7,0,0,0,,0,0,33.5,18.4,233.9,1022.2,81.5,16,58.7,5,3,,2021-11-02T07:27:50,2021-11-02T17:50:47,0.96,Partially cloudy,Partly cloudy throughout the day.,partly-cloudy-day,"72505394728,KEWR,KLGA,72502014734,E5816,KNYC,F1417,72503014732"
manhattan,2021-11-03,11.2,5.3,8.1,11.2,3.4,6.9,-0.9,54.7,0,0,0,,0,0,38.9,20.1,310.8,1023.9,19.4,16,142.2,12.2,6,,2021-11-03T07:29:00,2021-11-03T17:49:37,0.99,Clear,Clear conditions throughout the day.,clear-day,"72505394728,KEWR,KLGA,72502014734,E5816,KNYC,F1417,72503014732"
manhattan,2021-11-04,10.4,4.4,7.4,10.4,1.9,6.2,-3,49.5,0,0,0,,0,0,,13.6,56.1,1026.6,29.7,16,118.6,10.3,6,,2021-11-04T07:30:11,2021-11-04T17:48:29,1,Partially cloudy,Partly cloudy throughout the day.,partly-cloudy-day,"72505394728,KEWR,KLGA,72502014734,KNYC,F1417,72503014732"
manhattan,2021-11-05,10.8,4.2,7.6,10.8,2,6.5,-2.3,51,0,0,0,,0,0,31.7,18.2,72.2,1027.1,8.3,16,148.7,12.9,6,,2021-11-05T07:31:22,2021-11-05T17:47:22,0,Clear,Clear conditions throughout the day.,clear-day,"72505394728,KEWR,KLGA,72502014734,E5816,KNYC,F1417,72503014732"
manhattan,2021-11-06,11.7,4.9,8.1,11.7,3.3,7.3,-1.4,51.9,0,0,0,,0,0,,8.7,43.3,1028.7,9.8,16,144.8,12.2,6,,2021-11-06T07:32:33,2021-11-06T17:46:16,0.02,Clear,Clear conditions throughout the day.,clear-day,"72505394728,KEWR,KLGA,72502014734,E5816,KNYC,F1417,72503014732"
manhattan,2021-11-07,12.2,5,8.7,12.2,3.7,8.4,0,56.7,0,0,0,,0,0,,9.2,155.4,1022.2,28,15.6,106.8,9.6,6,,2021-11-07T06:33:44,2021-11-07T16:45:13,0.05,Partially cloudy,Partly cloudy throughout the day.,partly-cloudy-day,"72505394728,KEWR,KLGA,72502014734,E5816,KNYC,F1417,72503014732"
manhattan,2021-11-08,17.8,8.2,12.9,17.8,7.3,12.6,2.5,50,0,0,0,,0,0,,21.8,148.8,1019.7,9.5,16,137.4,11.9,6,,2021-11-08T06:34:55,2021-11-08T16:44:10,0.09,Clear,Clear conditions throughout the day.,clear-day,"72505394728,KEWR,KLGA,72502014734,E5816,KNYC,F1417,72503014732"
manhattan,2021-11-09,20.8,10,15.2,20.8,10,15.2,5.9,55.6,0,0,0,,0,0,,12.8,263,1018.4,5.6,16,128.2,11.1,5,,2021-11-09T06:36:06,2021-11-09T16:43:10,0.14,Clear,Clear conditions throughout the day.,clear-day,"72505394728,KEWR,KLGA,72502014734,E5816,KNYC,F1417,72503014732"
manhattan,2021-11-10,17.9,10.8,15,17.9,10.8,15,3.7,48.8,0,0,0,,0,0,42.5,21.5,238.5,1018.5,25.3,15.8,133.2,11.6,6,,2021-11-10T06:37:17,2021-11-10T16:42:11,0.19,Partially cloudy,Clearing in the afternoon.,partly-cloudy-day,"72505394728,KEWR,KLGA,72502014734,E5816,KNYC,F1417,72503014732"
manhattan,2021-11-11,16.4,7.6,12.2,16.4,6.6,11.9,4.6,60.6,0,0,0,,0,0,44.6,18.5,82.4,1024.9,57.5,16,97.4,8.4,4,,2021-11-11T06:38:28,2021-11-11T16:41:14,0.25,Partially cloudy,Partly cloudy throughout the day.,partly-cloudy-day,"72505394728,KEWR,KLGA,72502014734,E5816,KNYC,F1417,72503014732"
manhattan,2021-11-12,18.7,11.5,16.4,18.7,11.5,16.4,11,72,11.44,100,33.33,rain,0,0,59.8,27.3,203.6,1014.2,61.1,13.7,36.1,3.1,3,,2021-11-12T06:39:40,2021-11-12T16:40:19,0.3,"Rain, Partially cloudy",Partly cloudy throughout the day with a chance of rain throughout the day.,rain,"72505394728,KEWR,KLGA,72502014734,KNYC,F1417,72503014732"
manhattan,2021-11-13,17.1,5.3,10.3,17.1,2.3,9.2,3.3,62.6,7.74,100,8.33,rain,0,0,63.1,41.4,179.8,1009,25.3,15.9,80.1,6.8,5,,2021-11-13T06:40:51,2021-11-13T16:39:26,0.35,"Rain, Partially cloudy",Becoming cloudy in the afternoon with afternoon rain.,rain,"72505394728,KEWR,KLGA,72502014734,KNYC,F1417,72503014732"
manhattan,2021-11-14,8.5,3.8,6.5,8,1,4.4,-0.5,61.3,0.33,100,4.17,rain,0,0,42.5,23.9,240.3,1012,42.6,15.9,73.3,6.3,4,,2021-11-14T06:42:02,2021-11-14T16:38:34,0.4,"Rain, Partially cloudy",Becoming cloudy in the afternoon with late afternoon rain.,rain,"72505394728,KEWR,KLGA,72502014734,KNYC,F1417,72503014732"
manhattan,2021-11-15,9,4.6,6.6,6.2,1.8,4.1,0.5,66,0.11,100,8.33,rain,0,0,47.7,25.3,268.3,1010,61.3,16,67.1,5.7,3,,2021-11-15T06:43:12,2021-11-15T16:37:45,0.43,"Rain, Partially cloudy",Partly cloudy throughout the day with late afternoon rain.,rain,"72505394728,KEWR,KLGA,72502014734,KNYC,F1417,72503014732"
manhattan,2021-11-16,9.6,3.3,6.3,7.5,-0.9,3.9,-3.2,51.6,0,0,0,,0,0,42.5,18.4,274.1,1020,19.6,16,126.9,10.9,6,,2021-11-16T06:44:23,2021-11-16T16:36:57,0.46,Clear,Clear conditions throughout the day.,clear-day,"72505394728,KEWR,KLGA,72502014734,KNYC,F1417,72503014732"
manhattan,2021-11-17,13.7,4,9.6,13.7,4,9.5,2.4,61.3,0,0,0,,0,0,38.9,22.1,168,1024.3,40.9,16,88.3,7.5,4,,2021-11-17T06:45:33,2021-11-17T16:36:11,0.48,Partially cloudy,Partly cloudy throughout the day.,partly-cloudy-day,"72505394728,KEWR,KLGA,72502014734,KNYC,F1417,72503014732"
manhattan,2021-11-18,20.7,9.1,15.5,20.7,6.5,15.4,8.8,66.1,1.17,100,8.33,rain,0,0,43.6,18.4,205,1015.8,34.3,15.4,116.5,10,5,,2021-11-18T06:46:43,2021-11-18T16:35:28,0.5,"Rain, Partially cloudy",Partly cloudy throughout the day with late afternoon rain.,rain,"72505394728,KEWR,KLGA,72502014734,KNYC,F1417,72503014732"
manhattan,2021-11-19,9.1,5,7.2,7,1.3,4.1,-2.8,50.3,0.88,100,8.33,rain,0,0,47.1,28.1,294,1023.7,41.9,15.8,120.8,10.4,5,,2021-11-19T06:47:53,2021-11-19T16:34:46,0.5,"Rain, Partially cloudy",Becoming cloudy in the afternoon with early morning rain.,rain,"72505394728,KEWR,KLGA,72502014734,E5816,KNYC,F1417,72503014732"
manhattan,2021-11-20,8.5,2.3,5.8,8.1,0.6,4.4,-2.9,54.1,0,0,0,,0,0,,15.1,219.9,1032.9,26,16,106.5,9.1,5,,2021-11-20T06:49:02,2021-11-20T16:34:06,0.51,Partially cloudy,Partly cloudy throughout the day.,partly-cloudy-day,"72505394728,KEWR,KLGA,72502014734,E5816,KNYC,F1417,72503014732"
manhattan,2021-11-21,13.3,7.2,10.1,13.3,5.3,9.7,3,62.3,0.23,100,8.33,rain,0,0,31.7,12.4,234.8,1023.8,76.6,16,89.5,7.7,5,,2021-11-21T06:50:11,2021-11-21T16:33:28,0.52,"Rain, Partially cloudy",Partly cloudy throughout the day with late afternoon rain.,rain,"72505394728,KEWR,KLGA,72502014734,E5816,KNYC,F1417,72503014732"
manhattan,2021-11-22,13,2.8,8.8,13,-0.5,7.1,2.1,64.4,0.98,100,12.5,rain,0,0,44.9,21,283.9,1011.7,60.6,15.6,39.3,3.5,2,,2021-11-22T06:51:19,2021-11-22T16:32:53,0.54,"Rain, Partially cloudy",Partly cloudy throughout the day with rain clearing later.,rain,"72505394728,KEWR,KLGA,72502014734,E5816,F8726,KNYC,F1417,72503014732"
manhattan,2021-11-23,5.7,1,2.8,2.2,-3.7,-1.5,-8.1,45.1,0,0,0,,0,0,51.8,32.1,311.5,1016.4,19,16,123.2,10.5,5,,2021-11-23T06:52:27,2021-11-23T16:32:19,0.57,Clear,Clear conditions throughout the day.,clear-day,"72505394728,KEWR,KLGA,72502014734,E5816,KNYC,F1417,72503014732"
manhattan,2021-11-24,7.3,-0.6,3.6,5.8,-4.8,0.7,-7.3,46.2,0,0,0,,0,0,47.9,17.1,304.8,1025.4,11.8,16,120,10.4,5,,2021-11-24T06:53:34,2021-11-24T16:31:48,0.61,Clear,Clear conditions throughout the day.,clear-day,"72505394728,KEWR,KLGA,72502014734,E5816,KNYC,F1417,72503014732"
manhattan,2021-11-25,13.6,4.4,8.8,13.6,2.8,8.4,-4.8,38.7,0,0,0,,0,0,,12.6,259,1016.6,46.9,16,90.3,7.6,4,,2021-11-25T06:54:41,2021-11-25T16:31:19,0.66,Partially cloudy,Becoming cloudy in the afternoon.,partly-cloudy-day,"72505394728,KEWR,KLGA,72502014734,E5816,KNYC,F1417,72503014732"
manhattan,2021-11-26,9.3,3.2,6.6,9.3,-1.9,3.7,-0.1,64,2.95,100,45.83,rain,0,0,51.3,32.6,273.5,1004.3,97.2,14.7,35.7,3.1,2,,2021-11-26T06:55:47,2021-11-26T16:30:52,0.7,"Rain, Overcast",Cloudy skies throughout the day with a chance of rain throughout the day.,rain,"72505394728,KEWR,KLGA,72502014734,E5816,F8726,KNYC,F1417,72503014732"
manhattan,2021-11-27,4,1.7,2.8,-0.4,-2.4,-1.3,-7.1,48.2,0,0,0,,0,0,51.2,25.4,294.4,1010.6,71.2,16,51.3,4.3,4,,2021-11-27T06:56:52,2021-11-27T16:30:27,0.75,Partially cloudy,Partly cloudy throughout the day.,partly-cloudy-day,"72505394728,KEWR,KLGA,72502014734,E5816,KNYC,F1417,72503014732"
manhattan,2021-11-28,5.1,0.8,3,5.1,-1.6,2,-2.5,67.5,0,0,0,,0,0,,12.7,151.3,1011.6,91.9,14.8,22.8,1.9,1,,2021-11-28T06:57:56,2021-11-28T16:30:04,0.81,Overcast,Cloudy skies throughout the day.,cloudy,"72505394728,KEWR,KLGA,72502014734,E5816,F8726,KNYC,F1417,72503014732"
manhattan,2021-11-29,6.3,1.1,3.9,3.1,-2.4,0.8,-3.9,57.2,0.07,100,8.33,rain,0,0,48.2,21.8,305.5,1012.2,65.5,16,77.3,6.8,4,,2021-11-29T06:59:00,2021-11-29T16:29:44,0.86,"Rain, Partially cloudy",Partly cloudy throughout the day with afternoon rain.,rain,"72505394728,KEWR,KLGA,72502014734,E5816,KNYC,F1417,72503014732"
manhattan,2021-11-30,5.3,-0.2,2.9,3.5,-3.5,0.4,-4.4,58.9,0,0,0,,0,0,53.6,19.8,246.9,1015.4,67.1,16,40.3,3.5,2,,2021-11-30T07:00:02,2021-11-30T16:29:26,0.91,Partially cloudy,Partly cloudy throughout the day.,partly-cloudy-day,"72505394728,KEWR,KLGA,72502014734,E5816,F8726,KNYC,F1417,72503014732"
manhattan,2021-12-01,10.1,4.9,7.5,10.1,1.1,5.7,-3.3,46.9,0,0,0,,0,0,40.7,24.4,221.1,1019.5,47.2,16,100.1,8.7,5,,2021-12-01T07:01:04,2021-12-01T16:29:10,0.95,Partially cloudy,Partly cloudy throughout the day.,partly-cloudy-day,"72505394728,KEWR,KLGA,72502014734,E5816,KNYC,F1417,72503014732"
manhattan,2021-12-02,14.6,7.7,11.9,14.6,6,11.6,5.6,66.1,1.05,100,20.83,rain,0,0,50.2,28.8,207,1007.8,71.9,15.6,48.5,4.2,3,,2021-12-02T07:02:05,2021-12-02T16:28:56,0.98,"Rain, Partially cloudy",Partly cloudy throughout the day with rain clearing later.,rain,"72505394728,KEWR,KLGA,72502014734,E5816,F8726,KNYC,F1417,72503014732"
manhattan,2021-12-03,9.3,3.7,6.9,6.9,1.2,3.7,-4.9,43.2,0,0,0,,0,0,50,25.8,299.6,1012.8,20.3,16,107.5,9.2,5,,2021-12-03T07:03:04,2021-12-03T16:28:45,1,Partially cloudy,Partly cloudy throughout the day.,partly-cloudy-day,"72505394728,KEWR,KLGA,72502014734,E5816,KNYC,F1417,72503014732"
manhattan,2021-12-04,9.1,3.2,5.9,7.7,0.7,4.6,-3.5,51.3,0,0,0,,0,0,25.9,18.6,176.1,1019.5,48.8,16,95.9,8.1,5,,2021-12-04T07:04:02,2021-12-04T16:28:36,0,Partially cloudy,Clearing in the afternoon.,partly-cloudy-day,"72505394728,KEWR,KLGA,72502014734,E5816,KNYC,F1417,72503014732"
manhattan,2021-12-05,8.8,4.5,6.8,8.5,2.5,5.7,-5.1,43,0,0,0,,0,0,25.9,14.5,235.7,1026.7,47.7,16,87,7.6,5,,2021-12-05T07:05:00,2021-12-05T16:28:29,0.01,Partially cloudy,Becoming cloudy in the afternoon.,partly-cloudy-day,"72505394728,KEWR,KLGA,72502014734,E5816,KNYC,F1417,72503014732"
manhattan,2021-12-06,15.8,8.5,11.8,15.8,6.6,11.4,8.2,79.7,10.17,100,33.33,rain,0,0,66.6,36.6,166.7,1010.7,84.9,11.1,43.4,3.8,3,,2021-12-06T07:05:56,2021-12-06T16:28:25,0.04,"Rain, Partially cloudy",Partly cloudy throughout the day with rain.,rain,"72505394728,KEWR,KLGA,72502014734,E5816,F8726,KNYC,F1417,72503014732"
manhattan,2021-12-07,7.2,3,4.3,3.4,-0.3,1.4,-7,43.8,0,0,0,,0,0,61.8,32.2,281.6,1019.9,39.8,16,75.7,6.5,4,,2021-12-07T07:06:50,2021-12-07T16:28:23,0.07,Partially cloudy,Becoming cloudy in the afternoon.,partly-cloudy-day,"72505394728,KEWR,KLGA,72502014734,E5816,KNYC,F1417,72503014732"
manhattan,2021-12-08,5.2,1.5,3.7,5.2,-2.2,1.3,-2.6,64.4,0.99,100,12.5,"rain,snow",0,0,29.5,15.9,101.8,1016.1,85.8,15.2,32.6,2.7,2,,2021-12-08T07:07:44,2021-12-08T16:28:23,0.12,"Snow, Rain, Partially cloudy",Partly cloudy throughout the day with late afternoon rain or snow.,rain,"72505394728,KEWR,KLGA,72502014734,E5816,F8726,KNYC,F1417,72503014732"
manhattan,2021-12-09,3.8,0.3,2.2,3.2,-4.4,-1,-7,51.4,0,0,0,,0,0,53.6,25,252.6,1021.5,40.6,16,74.4,6.3,4,,2021-12-09T07:08:36,2021-12-09T16:28:26,0.17,Partially cloudy,Partly cloudy throughout the day.,partly-cloudy-day,"72505394728,KEWR,KLGA,72502014734,E5816,KNYC,F1417,72503014732"
manhattan,2021-12-10,9.8,3.7,7.1,9.5,1.3,6,-1.6,54.2,0,0,0,,0,0,,13.6,194.3,1021.2,83.7,16,57,5,3,,2021-12-10T07:09:26,2021-12-10T16:28:31,0.22,Partially cloudy,Partly cloudy throughout the day.,partly-cloudy-day,"72505394728,KEWR,KLGA,72502014734,E5816,F8726,KNYC,F1417,72503014732"
manhattan,2021-12-11,18.9,7.4,13.2,18.9,6.6,12.9,10,81.5,3.92,100,37.5,rain,0,0,59.2,24.9,141.1,1008.2,96,11.1,17,1.3,1,,2021-12-11T07:10:15,2021-12-11T16:28:38,0.27,"Rain, Overcast",Cloudy skies throughout the day with rain.,rain,"72505394728,KEWR,KLGA,72502014734,E5816,F8726,KNYC,F1417,72503014732"
manhattan,2021-12-12,14.1,6,8.1,14.1,2.6,5.5,-6.2,36.1,0,0,0,,0,0,54.4,34.6,284.9,1018,24.2,16,104.4,8.9,5,,2021-12-12T07:11:02,2021-12-12T16:28:47,0.32,Partially cloudy,Partly cloudy throughout the day.,partly-cloudy-day,"72505394728,KEWR,KLGA,72502014734,E5816,F8726,KNYC,F1417,72503014732"
manhattan,2021-12-13,11.6,4.6,7.9,11.6,0.9,6,-7.7,32.7,0,0,0,,0,0,44.6,20.5,238.7,1024,14.9,16,100.4,8.5,5,,2021-12-13T07:11:48,2021-12-13T16:28:59,0.37,Clear,Clear conditions throughout the day.,clear-day,"72505394728,KEWR,KLGA,72502014734,E5816,F8726,KNYC,F1417,72503014732"
manhattan,2021-12-14,11.9,6.9,8.9,11.9,5,7.6,-6.6,33.4,0,0,0,,0,0,35.3,14.5,173,1031.3,19.2,16,101.3,8.7,5,,2021-12-14T07:12:32,2021-12-14T16:29:13,0.41,Clear,Clear conditions throughout the day.,clear-day,"72505394728,KEWR,KLGA,72502014734,E5816,F8726,KNYC,F1417,72503014732"
manhattan,2021-12-15,12.2,4.2,8.6,12.2,1.5,7.5,0.5,57.6,0,0,0,,0,0,31.7,14.7,83,1034.1,60.2,16,78.3,6.7,5,,2021-12-15T07:13:14,2021-12-15T16:29:29,0.44,Partially cloudy,Becoming cloudy in the afternoon.,partly-cloudy-day,"72505394728,KEWR,KLGA,72502014734,E5816,F8726,KNYC,F1417,72503014732"
manhattan,2021-12-16,16.8,12.4,14.5,16.8,12.4,14.5,6.4,60.3,0,0,0,,0,0,42.5,22.9,227.8,1017.7,65.4,16,69.6,5.9,4,,2021-12-16T07:13:55,2021-12-16T16:29:47,0.47,Partially cloudy,Partly cloudy throughout the day.,partly-cloudy-day,"72505394728,KEWR,KLGA,72502014734,E5816,F8726,KNYC,F1417,72503014732"
manhattan,2021-12-17,15.2,9.7,13.7,15.2,8.3,13.6,-3.7,33.4,0,0,0,,0,0,42.9,22.1,267.1,1017.2,31.1,16,89.7,7.8,4,,2021-12-17T07:14:33,2021-12-17T16:30:08,0.49,Partially cloudy,Partly cloudy throughout the day.,partly-cloudy-day,"72505394728,KEWR,KLGA,72502014734,E5816,F8726,KNYC,F1417,72503014732"
manhattan,2021-12-18,9.2,4,6.5,7.9,2.2,5.1,1.1,72.6,2.08,100,37.5,rain,0,0,,12.1,61.1,1017.9,90.4,10.8,16.1,1.3,1,,2021-12-18T07:15:10,2021-12-18T16:30:31,0.5,"Rain, Overcast",Cloudy skies throughout the day with rain.,rain,"72505394728,KEWR,KLGA,72502014734,E5816,F8726,KNYC,F1417,72503014732"
manhattan,2021-12-19,7.6,-1.1,3.8,6.7,-6.2,0.2,-3,63,0.53,100,8.33,rain,0,0,47,27.3,311.3,1017,55.1,13.9,52.3,4.5,2,,2021-12-19T07:15:45,2021-12-19T16:30:56,0.5,"Rain, Partially cloudy",Partly cloudy throughout the day with early morning rain.,rain,"72505394728,KEWR,KLGA,72502014734,E5816,KNYC,F1417,72503014732"
manhattan,2021-12-20,2.7,-3.8,-0.2,2.3,-8.7,-3.5,-10,48.8,0,0,0,,0,0,27.7,14.5,237,1026,7.9,16,100,8.7,5,,2021-12-20T07:16:18,2021-12-20T16:31:23,0.51,Clear,Clear conditions throughout the day.,clear-day,"72505394728,KEWR,KLGA,72502014734,E5816,F8726,KNYC,F1417,72503014732"
manhattan,2021-12-21,5.7,-0.3,3,5.6,-4.2,0.9,-5.2,55.1,0,0,0,,0,0,29.5,12.8,156,1017.8,41.2,15.9,55.3,4.7,2,,2021-12-21T07:16:49,2021-12-21T16:31:52,0.53,Partially cloudy,Partly cloudy throughout the day.,partly-cloudy-day,"72505394728,KEWR,KLGA,72502014734,E5816,F8726,KNYC,F1417,72503014732"
manhattan,2021-12-22,8.5,1.5,4.9,5.4,-3.4,1.9,-2.5,61.8,3.38,100,20.83,rain,0,0,55.4,28.4,249.5,1005.2,56.2,13.9,89.7,7.8,5,,2021-12-22T07:17:18,2021-12-22T16:32:23,0.55,"Rain, Partially cloudy",Partly cloudy throughout the day with rain clearing later.,rain,"72505394728,KEWR,KLGA,72502014734,E5816,KNYC,F1417,72503014732"
manhattan,2021-12-23,2.3,-0.4,1,1.7,-5.1,-2.4,-9.6,45,0,0,0,,2,0.6,50,22.8,264.5,1020.1,53.2,16,90.4,7.9,5,,2021-12-23T07:17:45,2021-12-23T16:32:57,0.59,Partially cloudy,Partly cloudy throughout the day.,snow,"72505394728,KEWR,KLGA,72502014734,E5816,F8726,KNYC,F1417,72503014732"
manhattan,2021-12-24,4.3,-0.8,2,3.1,-3.9,-0.2,-2.4,73.9,0.66,100,8.33,"rain,snow",1.2,2.2,,14,77,1018,74.4,14.2,46.6,3.9,3,,2021-12-24T07:18:10,2021-12-24T16:33:32,0.63,"Snow, Rain, Partially cloudy",Partly cloudy throughout the day with early morning snow or rain.,snow,"72505394728,KEWR,KLGA,72502014734,E5816,KNYC,F1417,72503014732"
manhattan,2021-12-25,10,2.2,6,10,0.1,5,3.6,84.7,4.26,100,37.5,rain,0,0.2,27.7,10.7,137.1,1003.1,94.3,9.7,22.5,2,2,,2021-12-25T07:18:33,2021-12-25T16:34:09,0.67,"Rain, Overcast",Cloudy skies throughout the day with a chance of rain throughout the day.,rain,"72505394728,KEWR,KLGA,72502014734,E5816,KNYC,F1417,72503014732"
manhattan,2021-12-26,11,5.1,7.9,11,1.4,4.9,-0.6,55.6,0,0,0,,0,0,48,27.6,308.5,1011.1,34.6,16,99.7,8.6,5,,2021-12-26T07:18:54,2021-12-26T16:34:48,0.72,Partially cloudy,Partly cloudy throughout the day.,partly-cloudy-day,"72505394728,KEWR,KLGA,72502014734,E5816,F8726,KNYC,F1417,72503014732"
manhattan,2021-12-27,4.7,1.4,2.7,3.3,-2.8,0.4,-4.5,59.6,1.68,100,16.67,rain,0,0,25.9,17.2,117.5,1016.8,65.8,15.5,25.1,2,2,,2021-12-27T07:19:12,2021-12-27T16:35:29,0.78,"Rain, Partially cloudy",Partly cloudy throughout the day with late afternoon rain.,rain,"72505394728,KEWR,KLGA,72502014734,E5816,F8726,KNYC,F1417,72503014732"
manhattan,2021-12-28,8.2,2.5,5.9,8,1,4.3,0.8,71.6,0.53,100,8.33,rain,0,0,,16.9,215.9,1010.5,76.4,13.7,37.1,3.3,2,,2021-12-28T07:19:29,2021-12-28T16:36:12,0.83,"Rain, Partially cloudy",Partly cloudy throughout the day with early morning rain.,rain,"72505394728,KEWR,KLGA,72502014734,E5816,F8726,KNYC,F1417,72503014732"
manhattan,2021-12-29,6.8,5.3,5.9,6.3,1.8,3.8,3.9,87,5.41,100,25,rain,0,0,25.9,19.3,52.1,1012.3,100,8.8,17.2,1.5,1,,2021-12-29T07:19:43,2021-12-29T16:36:57,0.88,"Rain, Overcast",Cloudy skies throughout the day with rain clearing later.,rain,"72505394728,KEWR,KLGA,72502014734,E5816,KNYC,F1417,72503014732"
manhattan,2021-12-30,9.3,6.4,7.8,8.8,4.8,7,5.8,87.1,1.52,100,16.67,rain,0,0,,9.1,67.5,1013.7,98.7,8.4,31,2.6,2,,2021-12-30T07:19:55,2021-12-30T16:37:44,0.93,"Rain, Overcast",Cloudy skies throughout the day with early morning rain.,rain,"72505394728,KEWR,KLGA,72502014734,E5816,KNYC,F1417,72503014732"
manhattan,2021-12-31,11.8,9,10.4,11.8,8.1,10.3,7.8,84.2,0.05,100,4.17,rain,0,0,,12,223,1013.7,96.1,11.1,42.3,3.5,3,,2021-12-31T07:20:05,2021-12-31T16:38:32,0.97,"Rain, Overcast",Cloudy skies throughout the day with early morning rain.,rain,"72505394728,KEWR,KLGA,72502014734,E5816,F8726,KNYC,F1417,72503014732"
manhattan,2022-01-01,13.4,10,11.5,13.4,10,11.5,10.3,92.5,18.67,100,62.5,rain,0,0,,13.1,135.8,1008.3,99.6,8.8,15.3,1.4,1,,2022-01-01T07:20:12,2022-01-01T16:39:21,0.99,"Rain, Overcast",Cloudy skies throughout the day with rain.,rain,"72505394728,KEWR,KLGA,72502014734,E5816,F8726,KNYC,F1417,72503014732"
manhattan,2022-01-02,14.6,3.5,10.2,14.6,-0.3,9.4,7.5,84.1,2.23,100,16.67,rain,0,0,50.5,24,271.2,1004.8,92.4,12.1,26.7,2.2,2,,2022-01-02T07:20:18,2022-01-02T16:40:13,1,"Rain, Overcast",Cloudy skies throughout the day with rain clearing later.,rain,"72505394728,KEWR,KLGA,72502014734,E5816,KNYC,F1417,72503014732"
manhattan,2022-01-03,3.1,-4.7,-1.1,-0.5,-11,-6.5,-10.3,50.2,0,0,0,,0,0,50,27.9,147.3,1019.3,67.1,16,13,1.1,1,,2022-01-03T07:20:21,2022-01-03T16:41:06,0,Partially cloudy,Partly cloudy throughout the day.,partly-cloudy-day,"72505394728,KEWR,KLGA,72502014734,E5816,KNYC,F1417,72503014732"
manhattan,2022-01-04,1.3,-7,-2.7,-0.1,-13.9,-6.7,-12.1,49.3,0,0,0,,0,0,37.5,19.7,266.3,1028,15.6,16,106.5,9.2,5,,2022-01-04T07:20:21,2022-01-04T16:42:00,0.02,Clear,Clear conditions throughout the day.,clear-day,"72505394728,KEWR,KLGA,72502014734,E5816,F8726,KNYC,F1417,72503014732"
manhattan,2022-01-05,7.9,-0.7,3.8,6.7,-4.2,1.6,0.3,78.4,5.44,100,33.33,"rain,snow",0,0,31.7,17.4,209.5,1014,70.9,13.6,24.1,2.1,1,,2022-01-05T07:20:20,2022-01-05T16:42:56,0.05,"Snow, Rain, Partially cloudy",Partly cloudy throughout the day with rain or snow in the morning and afternoon.,rain,"72505394728,KEWR,KLGA,72502014734,E5816,KNYC,F1417,72503014732"
manhattan,2022-01-06,4.8,1.7,3,3.1,-1.7,-0.1,-6.5,51.6,0,0,0,,9.5,3.2,38.4,20.6,249.5,1011.1,40.7,16,66.6,5.9,4,,2022-01-06T07:20:16,2022-01-06T16:43:53,0.09,Partially cloudy,Partly cloudy throughout the day.,snow,"72505394728,KEWR,KLGA,72502014734,E5816,F8726,KNYC,F1417,72503014732"
manhattan,2022-01-07,1.2,-3.3,-1.1,-2.8,-9.4,-6.3,-6.8,67.1,8.91,100,33.33,"rain,snow",5.7,13.3,52.5,25.8,244.9,1012.1,60,10.4,79,6.8,5,,2022-01-07T07:20:10,2022-01-07T16:44:52,0.14,"Snow, Rain, Partially cloudy",Partly cloudy throughout the day with rain or snow clearing later.,snow,"72505394728,KEWR,KLGA,72502014734,E5816,KNYC,F1417,72503014732"
manhattan,2022-01-08,-1.2,-6.4,-3.5,-1.2,-13.4,-7.5,-13.9,45.1,0,0,0,,0,10.6,46.3,22.5,278.5,1032.7,9,16,113.7,9.8,5,,2022-01-08T07:20:02,2022-01-08T16:45:52,0.19,Clear,Clear conditions throughout the day.,clear-day,"72505394728,KEWR,KLGA,72502014734,E5816,F8726,KNYC,F1417,72503014732"
manhattan,2022-01-09,4.1,-2.1,1.8,0.9,-6.9,-2.2,-3.5,68.7,2.66,100,25,rain,0,7,42.5,22.3,224.5,1022.9,79.8,14.9,31.5,2.7,1,,2022-01-09T07:19:51,2022-01-09T16:46:53,0.24,"Rain, Partially cloudy",Partly cloudy throughout the day with rain.,rain,"72505394728,KEWR,KLGA,72502014734,E5816,F8726,KNYC,F1417,72503014732"
manhattan,2022-01-10,4.4,-3.8,-0.8,0.9,-9.2,-6,-10.8,47.9,0,0,0,,0,2.3,48.9,33.3,290,1019.2,45.4,16,104.1,9,5,10,2022-01-10T07:19:38,2022-01-10T16:47:55,0.28,Partially cloudy,Becoming cloudy in the afternoon.,partly-cloudy-day,"72505394728,KEWR,KLGA,72502014734,E5816,F8726,KNYC,F1417,72503014732"
manhattan,2022-01-11,-4.1,-8.9,-7.4,-7.6,-18.4,-13.2,-18.6,40.8,0,0,0,snow,0,0.4,52.9,33.8,296.8,1031,13.4,15.5,115.5,10.1,5,10,2022-01-11T07:19:23,2022-01-11T16:48:58,0.33,Clear,Clear conditions throughout the day.,clear-day,"72505394728,KEWR,KLGA,72502014734,E5816,F8726,KNYC,F1417,72503014732"
manhattan,2022-01-12,4.3,-7,-0.5,2.1,-12.4,-4.3,-10.4,47.3,0,0,0,,0,0.3,38.9,20.9,229.8,1022.8,25.5,16,95.6,8.4,5,10,2022-01-12T07:19:06,2022-01-12T16:50:03,0.38,Partially cloudy,Partly cloudy throughout the day.,partly-cloudy-day,"72505394728,KEWR,KLGA,72502014734,E5816,F8726,KNYC,F1417,72503014732"
manhattan,2022-01-13,8.3,1.3,4.1,6.6,-0.3,3.1,-3.1,59.9,0,0,0,,0,0.2,20.9,11,98.3,1015.1,47.8,15.8,83.2,7.2,4,10,2022-01-13T07:18:46,2022-01-13T16:51:08,0.41,Partially cloudy,Clearing in the afternoon.,partly-cloudy-day,"72505394728,KEWR,KLGA,72502014734,E5816,F8726,KNYC,F1417,72503014732"
manhattan,2022-01-14,5.8,-4.2,3,2.2,-10.9,-1.1,-2.9,65.8,0,0,0,,0,0,52.7,32.3,140.5,1009.6,40.6,15.9,89.8,7.9,4,10,2022-01-14T07:18:24,2022-01-14T16:52:14,0.45,Partially cloudy,Partly cloudy throughout the day.,partly-cloudy-day,"72505394728,KEWR,F7223,KLGA,72502014734,E5816,KNYC,F1417,72503014732"
manhattan,2022-01-15,-5.8,-11.4,-8.7,-12.1,-18.7,-15.3,-18.9,44.5,0,0,0,,0,0,41.8,23.3,247.2,1024.1,20.4,16,99.4,8.8,5,10,2022-01-15T07:18:01,2022-01-15T16:53:21,0.47,Partially cloudy,Partly cloudy throughout the day.,partly-cloudy-day,"72505394728,KEWR,KLGA,72502014734,E5816,F8726,KNYC,F1417,72503014732"
manhattan,2022-01-16,1.9,-12.3,-6.4,-3.8,-19.1,-12.3,-12.1,65.2,5.84,100,16.67,"rain,freezingrain,snow",1.1,0.1,40,28.2,52.8,1024.6,57.5,13.6,65.9,5.7,4,10,2022-01-16T07:17:34,2022-01-16T16:54:29,0.49,"Snow, Rain, Freezing Drizzle/Freezing Rain, Partially cloudy",Partly cloudy throughout the day with late afternoon rain or snow.,snow,"72505394728,KEWR,KLGA,72502014734,E5816,F8726,KNYC,F1417,72503014732"
manhattan,2022-01-17,6.7,1.3,3.5,3.9,-4.4,-1,-0.3,76.7,28.3,100,45.83,"rain,snow",0.1,0.7,57.3,34.5,189.9,989.9,98.7,12.5,18.8,1.8,1,10,2022-01-17T07:17:06,2022-01-17T16:55:38,0.5,"Snow, Rain, Overcast",Cloudy skies throughout the day with rain or snow.,snow,"72505394728,KEWR,KLGA,72502014734,E5816,KNYC,F1417,72503014732"
manhattan,2022-01-18,2.5,-1.2,0.5,-1.2,-7.4,-4.4,-9.7,46.9,0,0,0,,0,0.1,54.1,29.4,301.4,1011,53.8,16,100.7,8.8,5,10,2022-01-18T07:16:36,2022-01-18T16:56:48,0.5,Partially cloudy,Partly cloudy throughout the day.,partly-cloudy-day,"72505394728,KEWR,KLGA,72502014734,E5816,F8726,KNYC,F1417,72503014732"
manhattan,2022-01-19,9.4,-1.7,4.4,7.1,-4.3,1.8,-5.6,49.3,0,0,0,,0,0,44.6,25.3,187.9,1017.7,36.4,16,75.6,6.5,4,10,2022-01-19T07:16:03,2022-01-19T16:57:58,0.52,Partially cloudy,Clearing in the afternoon.,partly-cloudy-day,"72505394728,KEWR,KLGA,72502014734,E5816,F8726,KNYC,F1417,72503014732"
manhattan,2022-01-20,7.2,-4.5,1.9,5.3,-10.6,-1.9,-5.2,62,6.03,100,37.5,"rain,snow",1,0.5,42.5,24.5,280,1020.4,72.9,12.8,38.4,3.2,2,10,2022-01-20T07:15:29,2022-01-20T16:59:08,0.53,"Snow, Rain, Partially cloudy",Partly cloudy throughout the day with a chance of rain or snow throughout the day.,snow,"72505394728,KEWR,KLGA,72502014734,E5816,KNYC,F1417,72503014732"
manhattan,2022-01-21,-5.3,-10,-7.6,-9.6,-17.9,-14.1,-18.1,43,0,0,0,,0,0,41.1,23.1,97.4,1033.1,32.7,16,113.7,9.7,5,10,2022-01-21T07:14:52,2022-01-21T17:00:20,0.56,Partially cloudy,Partly cloudy throughout the day.,partly-cloudy-day,"72505394728,KEWR,KLGA,72502014734,E5816,F8726,KNYC,F1417,72503014732"
manhattan,2022-01-22,-1.5,-10.3,-5.7,-1.6,-18.5,-10.2,-15.2,47.5,0,0,0,,0,0,37.1,21.9,132,1027.1,23.6,16,126.5,11,5,10,2022-01-22T07:14:13,2022-01-22T17:01:31,0.6,Partially cloudy,Partly cloudy throughout the day.,partly-cloudy-day,"72505394728,KEWR,KLGA,72502014734,F8726,KNYC,F1417,72503014732"
manhattan,2022-01-23,2.5,-4.7,-1.2,0.7,-9.7,-4.9,-11.7,46.7,0.5,100,12.5,"rain,snow",0,0,34.2,18.3,255,1012.6,74.8,14.6,101.2,8.6,5,10,2022-01-23T07:13:33,2022-01-23T17:02:44,0.65,"Snow, Rain, Partially cloudy",Partly cloudy throughout the day with late afternoon rain or snow.,rain,"72505394728,KEWR,KLGA,72502014734,F8726,KNYC,F1417,72503014732"
manhattan,2022-01-24,1.6,-2.7,-0.5,0.7,-7.4,-3.2,-6.5,64.8,0,0,0,,0,0.1,33.8,16.3,226.4,1011.3,94.6,14.8,75,6.4,4,10,2022-01-24T07:12:50,2022-01-24T17:03:56,0.7,Overcast,Cloudy skies throughout the day.,cloudy,"72505394728,KEWR,KLGA,72502014734,E5816,F8726,KNYC,F1417,72503014732"
manhattan,2022-01-25,5.8,-1.2,2.7,3.4,-5.4,-0.2,-5.1,57.2,0,0,0,rain,0,0,36.7,20.5,270.5,1014.1,67.3,14.9,46.5,4,2,10,2022-01-25T07:12:06,2022-01-25T17:05:09,0.75,Partially cloudy,Partly cloudy throughout the day.,partly-cloudy-day,"72505394728,KEWR,KLGA,72502014734,F8726,KNYC,F1417,72503014732"
manhattan,2022-01-26,-1.8,-6.3,-4.3,-7,-12.5,-9.5,-16.7,38.3,0,0,0,,0,0,42.9,24.1,303.8,1026.9,8.6,16,130.5,11.2,6,10,2022-01-26T07:11:19,2022-01-26T17:06:22,0.81,Clear,Clear conditions throughout the day.,clear-day,"72505394728,KEWR,KLGA,72502014734,F8726,KNYC,F1417,72503014732"
manhattan,2022-01-27,-0.5,-8.3,-3.9,-3.6,-13.2,-7.8,-14.2,45,0,0,0,,0,0,30.6,15.7,133.8,1028.9,31,15.8,133.4,11.5,6,10,2022-01-27T07:10:31,2022-01-27T17:07:36,0.86,Partially cloudy,Becoming cloudy in the afternoon.,partly-cloudy-day,"72505394728,KEWR,KLGA,72502014734,F8726,KNYC,F1417,72503014732"
manhattan,2022-01-28,0.1,-1.7,-0.7,0.1,-7,-3.4,-6.2,68.3,1.66,100,29.17,snow,10.4,3.5,34.9,22.1,161.5,1019.5,100,8.3,30.4,2.5,1,10,2022-01-28T07:09:40,2022-01-28T17:08:50,0.91,"Snow, Overcast",Cloudy skies throughout the day with snow.,snow,"72505394728,KEWR,KLGA,72502014734,E5816,F8726,KNYC,F1417,72503014732"
manhattan,2022-01-29,-1.6,-10.4,-7.1,-6.8,-19.7,-15.1,-12.2,70.3,14.32,100,66.67,snow,9.2,16.5,51.2,30.3,228.2,1006.5,71.5,6.1,22.5,2,1,10,2022-01-29T07:08:48,2022-01-29T17:10:04,0.95,"Snow, Partially cloudy",Partly cloudy throughout the day with a chance of snow throughout the day.,snow,"72505394728,KEWR,KLGA,72502014734,F8726,KNYC,F1417,72503014732"
manhattan,2022-01-30,-3.7,-10.8,-7.4,-8.9,-20.4,-13.7,-17,46.5,0,0,0,,1.8,20.7,47.4,29.1,283.5,1015.6,19.9,16,139.5,12,6,10,2022-01-30T07:07:54,2022-01-30T17:11:18,0.98,Clear,Clear conditions throughout the day.,snow,"72505394728,KEWR,KLGA,72502014734,F8726,KNYC,F1417,72503014732"
manhattan,2022-01-31,-1.1,-6.7,-3.9,-1.3,-11,-6.6,-13.8,46.3,0,0,0,,0,17,13.7,11.7,62.2,1027.1,30.6,16,120.1,10.3,6,10,2022-01-31T07:06:58,2022-01-31T17:12:32,1,Partially cloudy,Partly cloudy throughout the day.,partly-cloudy-day,"72505394728,KEWR,KLGA,72502014734,F8726,KNYC,F1417,72503014732"
manhattan,2022-02-01,1.8,-5.4,-1.4,1.4,-10,-4.6,-8.8,57.8,0,0,0,,0,13.6,33.5,16.8,39,1033.5,33.8,16,139.1,12.1,6,10,2022-02-01T07:06:01,2022-02-01T17:13:46,0,Partially cloudy,Partly cloudy throughout the day.,partly-cloudy-day,"72505394728,KEWR,KLGA,72502014734,F8726,KNYC,F1417,72503014732"
manhattan,2022-02-02,7.3,-0.3,3.4,6.9,-2.9,2,0.3,80.3,0,0,0,rain,0,9.5,20.2,11.2,54.2,1030.1,92.9,13.3,86,7.3,4,10,2022-02-02T07:05:02,2022-02-02T17:15:01,0.01,Overcast,Cloudy skies throughout the day.,cloudy,"72505394728,KEWR,KLGA,72502014734,F8726,KNYC,F1417,72503014732"
manhattan,2022-02-03,9.6,5.2,7.1,8.5,4.6,6.1,5.9,92.5,9.96,100,75,rain,0,4,23.8,10.8,152.7,1022.9,97.4,6.5,23.7,2.2,1,10,2022-02-03T07:04:01,2022-02-03T17:16:15,0.03,"Rain, Overcast",Cloudy skies throughout the day with rain.,rain,"72505394728,KEWR,KLGA,72502014734,E5816,F8726,KNYC,F1417,72503014732"
manhattan,2022-02-04,12.9,-2.6,4.1,12.9,-8,1.2,2.2,87.6,17.99,100,79.17,"rain,freezingrain,snow",1.1,1.1,43.2,26.2,236.8,1012.8,100,10.3,15.8,1.4,1,10,2022-02-04T07:02:59,2022-02-04T17:17:30,0.07,"Snow, Rain, Freezing Drizzle/Freezing Rain, Overcast",Cloudy skies throughout the day with a chance of rain or snow throughout the day.,snow,"72505394728,KEWR,KLGA,72502014734,F8726,KNYC,F1417,72503014732"
manhattan,2022-02-05,-2.6,-7,-4.4,-7.5,-13.5,-10.6,-11.4,59.1,0,0,0,snow,0.1,0.3,43.8,26.2,317.7,1024.3,56,15.9,151,12.8,6,10,2022-02-05T07:01:55,2022-02-05T17:18:44,0.11,Partially cloudy,Partly cloudy throughout the day.,snow,"72505394728,KEWR,KLGA,72502014734,KNYC,F1417,72503014732"
manhattan,2022-02-06,-1.2,-8.6,-4.6,-3.7,-13.6,-8.5,-12.4,55.3,0,0,0,,0,0,20.9,16.2,115.8,1035.4,18.6,16,149.8,13,7,10,2022-02-06T07:00:49,2022-02-06T17:19:58,0.15,Clear,Clear conditions throughout the day.,clear-day,"72505394728,KEWR,KLGA,72502014734,KNYC,F1417,72503014732"
manhattan,2022-02-07,2.9,-1.4,1.1,2.9,-4.3,-1.3,-0.9,86.8,2.63,100,37.5,"rain,freezingrain,snow",0.4,0.2,25.2,16,83.8,1024.8,99.9,8.5,29,2.4,1,10,2022-02-07T06:59:42,2022-02-07T17:21:12,0.2,"Snow, Rain, Freezing Drizzle/Freezing Rain, Overcast",Cloudy skies throughout the day with rain or snow.,snow,"72505394728,KEWR,KLGA,72502014734,F8726,KNYC,F1417,72503014732"
manhattan,2022-02-08,7.2,0.7,3.2,4.5,-2.4,-0.1,-2.6,68.3,2.08,100,12.5,rain,0,0.1,44.6,26.5,301.3,1013.8,58.1,14.9,119.9,10.4,6,10,2022-02-08T06:58:33,2022-02-08T17:22:26,0.25,"Rain, Partially cloudy",Partly cloudy throughout the day with early morning rain.,rain,"72505394728,KEWR,KLGA,72502014734,KNYC,F1417,72503014732"
manhattan,2022-02-09,7.3,-1.2,2.8,5.2,-5.2,0.6,-5.6,55.1,0,0,0,,0,0,32.8,14.9,203.5,1017,4.9,16,153.1,13.2,6,10,2022-02-09T06:57:23,2022-02-09T17:23:40,0.29,Clear,Clear conditions throughout the day.,clear-day,"72505394728,KEWR,KLGA,72502014734,E5816,KNYC,F1417,72503014732"
manhattan,2022-02-10,11.8,2.8,7.1,11.8,2,6.1,-2.9,53.1,0,0,0,,0,0,51.4,33.8,218.5,1011.6,37.6,15.8,137.2,11.9,6,10,2022-02-10T06:56:12,2022-02-10T17:24:54,0.34,Partially cloudy,Partly cloudy throughout the day.,partly-cloudy-day,"72505394728,KEWR,KLGA,72502014734,E5816,KNYC,F1417,72503014732"
manhattan,2022-02-11,13.6,3.6,8.9,13.6,3.6,8.4,-4,40.5,0,0,0,,0,0,43.9,21.5,179,1014.1,29.6,16,161,13.8,6,10,2022-02-11T06:54:59,2022-02-11T17:26:07,0.38,Partially cloudy,Partly cloudy throughout the day.,partly-cloudy-day,"72505394728,KEWR,KLGA,72502014734,E5816,KNYC,F1417,72503014732"
manhattan,2022-02-12,14.3,6.4,11.6,14.3,3.7,11.2,-2.8,36.9,0,0,0,,2.1,0.7,50,33.8,252.2,1013.8,45,16,119.2,10.2,5,10,2022-02-12T06:53:45,2022-02-12T17:27:21,0.42,Partially cloudy,Partly cloudy throughout the day.,snow,"72505394728,KEWR,KLGA,72502014734,KNYC,F1417,72503014732"
manhattan,2022-02-13,5.6,-3.5,0.1,4,-9.5,-3.9,-4.6,72.5,4.3,100,41.67,"rain,snow",1.6,3.2,31.7,19.2,115.7,1019.5,99.9,8.4,30.5,2.5,1,10,2022-02-13T06:52:29,2022-02-13T17:28:34,0.45,"Snow, Rain, Overcast",Cloudy skies throughout the day with a chance of rain or snow throughout the day.,snow,"72505394728,KEWR,KLGA,72502014734,E5816,F8726,KNYC,F1417,72503014732"
manhattan,2022-02-14,-3.6,-8.5,-5.9,-8.8,-17.4,-12.5,-17,41.4,0,0,0,,0.2,3,51.4,34.5,309.2,1021.4,17.3,16,172.7,15,7,10,2022-02-14T06:51:12,2022-02-14T17:29:47,0.48,Clear,Clear conditions throughout the day.,snow,"72505394728,KEWR,KLGA,72502014734,E5816,KNYC,F1417,72503014732"
manhattan,2022-02-15,-1.2,-8.6,-4.6,-3.8,-15.2,-9.2,-17,38.2,0,0,0,,3.2,2.5,40.7,22.7,277.5,1036.3,4.4,16,175.8,15.1,7,10,2022-02-15T06:49:54,2022-02-15T17:30:59,0.49,Clear,Clear conditions throughout the day.,snow,"72505394728,KEWR,KLGA,72502014734,E5816,KNYC,F1417,72503014732"
manhattan,2022-02-16,7.9,-2,3.1,5.4,-5,0.7,-4.8,57,0,0,0,,1.4,2.3,37.1,17.7,195.4,1036.5,35,16,127.9,11,6,10,2022-02-16T06:48:35,2022-02-16T17:32:11,0.5,Partially cloudy,Partly cloudy throughout the day.,snow,"72505394728,KEWR,KLGA,72502014734,E5816,KNYC,F1417,72503014732"
manhattan,2022-02-17,19,8.6,13.8,19,5.8,13.6,6.6,62.6,4.45,100,8.33,rain,0,2.1,59.2,27.7,187.8,1018.8,78.5,15.3,118.7,10.2,5,10,2022-02-17T06:47:15,2022-02-17T17:33:24,0.51,"Rain, Partially cloudy",Partly cloudy throughout the day with late afternoon rain.,rain,"72505394728,KEWR,KLGA,72502014734,E5816,KNYC,F1417,72503014732"
manhattan,2022-02-18,16.9,-2,7.2,16.9,-5.6,4.3,-1.9,55.2,9.58,100,20.83,rain,0,0,58.1,31.3,275.1,1006.8,52.9,15.6,168.3,14.5,7,10,2022-02-18T06:45:53,2022-02-18T17:34:35,0.52,"Rain, Partially cloudy",Clearing in the afternoon with rain clearing later.,rain,"72505394728,KEWR,C9476,KLGA,72502014734,E5816,KNYC,F1417,72503014732"
manhattan,2022-02-19,4.2,-4.1,-0.6,-0.1,-11.6,-4.8,-12.2,42.2,0,0,0,snow,0,0,69.1,37.4,215.6,1016.8,29.4,15.9,103.6,8.8,5,10,2022-02-19T06:44:31,2022-02-19T17:35:47,0.54,Partially cloudy,Partly cloudy throughout the day.,partly-cloudy-day,"72505394728,KEWR,KLGA,72502014734,E5816,KNYC,F1417,72503014732"
manhattan,2022-02-20,2.1,-6.1,-2,-2.2,-12.5,-7,-14.3,39.1,0,0,0,,0,0,54.8,31.1,251.5,1029,9.3,16,175,14.8,7,10,2022-02-20T06:43:07,2022-02-20T17:36:58,0.58,Clear,Clear conditions throughout the day.,clear-day,"72505394728,KEWR,KLGA,72502014734,E5816,KNYC,F1417,72503014732"
manhattan,2022-02-21,12.2,0.2,5.2,12.2,-3.9,3.2,-4.7,50.8,0,0,0,,0,0,29.9,16.8,186.1,1026.8,11.6,16,183.3,15.6,7,10,2022-02-21T06:41:42,2022-02-21T17:38:09,0.62,Clear,Clear conditions throughout the day.,clear-day,"72505394728,KEWR,KLGA,72502014734,E5816,KNYC,F1417,72503014732"
manhattan,2022-02-22,14.4,2.7,8.1,14.4,0,7,5.7,84.6,5.99,100,33.33,"rain,freezingrain",0,0,43.3,22.6,103.4,1022.6,79.4,10.8,72.3,6.2,6,10,2022-02-22T06:40:17,2022-02-22T17:39:19,0.67,"Rain, Freezing Drizzle/Freezing Rain, Partially cloudy",Partly cloudy throughout the day with rain.,rain,"72505394728,KEWR,KLGA,72502014734,E5816,F8726,KNYC,F1417,72503014732"
manhattan,2022-02-23,20.1,2.5,14.1,20.1,-2.3,13.3,6.3,62.3,0,0,0,rain,0,0,57.4,33.2,250.2,1015.4,52.7,16,88.9,7.6,5,10,2022-02-23T06:38:50,2022-02-23T17:40:30,0.73,Partially cloudy,Partly cloudy throughout the day.,partly-cloudy-day,"72505394728,KEWR,KLGA,72502014734,E5816,KNYC,F1417,72503014732"
manhattan,2022-02-24,1.8,-1.4,0,-2.6,-6.5,-4.3,-11.5,42.3,0,0,0,"freezingrain,snow,ice",0,0,46.4,29.3,139.3,1030.1,69.9,16,70.7,6.2,3,10,2022-02-24T06:37:23,2022-02-24T17:41:40,0.79,Partially cloudy,Partly cloudy throughout the day.,partly-cloudy-day,"72505394728,KEWR,KLGA,72502014734,E5816,KNYC,F1417,72503014732"
manhattan,2022-02-25,5.4,-2.5,0.6,1.6,-9.1,-3.7,-3.8,74.5,18.96,100,45.83,"rain,freezingrain,ice",1.8,0.8,54.7,33.9,181.5,1020.5,78.9,10.9,57.1,4.8,5,10,2022-02-25T06:35:54,2022-02-25T17:42:49,0.84,"Rain, Freezing Drizzle/Freezing Rain, Ice, Partially cloudy",Partly cloudy throughout the day with a chance of rain or snow throughout the day.,snow,"72505394728,KEWR,KLGA,72502014734,E5816,F8726,KNYC,F1417,72503014732"
manhattan,2022-02-26,2.5,-4.4,-1.1,0.2,-10,-5.5,-11,47.6,0,0,0,,0,0,44.1,23.3,301.9,1028.2,31,16,184.3,16.1,7,10,2022-02-26T06:34:25,2022-02-26T17:43:59,0.89,Partially cloudy,Partly cloudy throughout the day.,partly-cloudy-day,"72505394728,KEWR,KLGA,72502014734,E5816,KNYC,F1417,72503014732"
manhattan,2022-02-27,8.6,-2.1,2.9,5.7,-7.2,-1.2,-9.4,42,0,0,0,snow,0,0,50.8,27.7,262.3,1016.4,22.2,16,199.8,17.2,7,10,2022-02-27T06:32:55,2022-02-27T17:45:08,0.94,Partially cloudy,Partly cloudy throughout the day.,partly-cloudy-day,"72505394728,KEWR,KLGA,72502014734,E5816,KNYC,F1417,72503014732"
manhattan,2022-02-28,2,-3,-0.3,0.5,-9.6,-4.3,-15.4,32.8,0,0,0,snow,0,0,50.7,27.1,271.1,1023.4,22.2,15.8,210.1,18.3,8,10,2022-02-28T06:31:24,2022-02-28T17:46:16,0.97,Partially cloudy,Partly cloudy throughout the day.,partly-cloudy-day,"72505394728,KEWR,KLGA,72502014734,E5816,KNYC,F1417,72503014732"
manhattan,2022-03-01,8.2,-0.2,4.3,7,-3,2,-5.6,50,0,0,0,rain,0,0,37.1,22.2,157.8,1020.3,83.3,16,66.4,5.8,3,10,2022-03-01T06:29:53,2022-03-01T17:47:25,1,Partially cloudy,Partly cloudy throughout the day.,partly-cloudy-day,"72505394728,KEWR,KLGA,72502014734,E5816,KNYC,F1417,72503014732"
manhattan,2022-03-02,10.8,4.5,7.6,10.8,0.9,5.8,-2.4,50.9,0,0,0,rain,0,0,33.3,17.5,254.1,1014.4,32.3,15.7,203.3,17.7,7,10,2022-03-02T06:28:20,2022-03-02T17:48:33,1,Partially cloudy,Partly cloudy throughout the day.,partly-cloudy-day,"72505394728,KEWR,KLGA,72502014734,E5816,KNYC,F1417,72503014732"
manhattan,2022-03-03,8.3,-3.2,3.8,6,-9.7,-0.5,-8.9,41.7,0.69,100,12.5,rain,0,0,48.8,30.1,293.3,1017.6,41.8,15.9,213.4,18.7,8,10,2022-03-03T06:26:47,2022-03-03T17:49:41,0,"Rain, Partially cloudy",Clearing in the afternoon with rain clearing later.,rain,"72505394728,KEWR,KLGA,72502014734,E5816,KNYC,F1417,72503014732"
manhattan,2022-03-04,2.5,-6,-1.5,0.9,-11.8,-5.5,-15.4,34.6,0,0,0,,0,0,42.5,19.1,282.6,1032.1,11.2,16,216.4,18.7,8,10,2022-03-04T06:25:14,2022-03-04T17:50:48,0.02,Clear,Clear conditions throughout the day.,clear-day,"72505394728,KEWR,KLGA,72502014734,E5816,KNYC,F1417,72503014732"
manhattan,2022-03-05,7.1,0.1,3.8,5.7,-3.1,2.4,-7.3,45,0,0,0,,0,0,33.5,15.4,144.8,1031.2,42,16,142.1,12.3,5,10,2022-03-05T06:23:40,2022-03-05T17:51:56,0.04,Partially cloudy,Partly cloudy throughout the day.,partly-cloudy-day,"72505394728,KEWR,KLGA,72502014734,E5816,KNYC,F1417,72503014732"
manhattan,2022-03-06,20.1,5.8,12.9,20.1,4.5,12.5,8.1,72.9,0.99,100,12.5,rain,0,0,49.1,28.5,166.2,1017,76.5,14.4,70.2,6.1,4,10,2022-03-06T06:22:05,2022-03-06T17:53:03,0.08,"Rain, Partially cloudy",Partly cloudy throughout the day with rain in the morning and afternoon.,rain,"72505394728,KEWR,KLGA,72502014734,E5816,KNYC,F1417,72503014732"
manhattan,2022-03-07,23.4,15.1,19.2,23.4,15.1,19.2,10.6,58,0.84,100,12.5,rain,0,0,70.1,39,222,1006.5,60.3,15.6,92.3,8,4,10,2022-03-07T06:20:30,2022-03-07T17:54:09,0.12,"Rain, Partially cloudy",Partly cloudy throughout the day with rain.,rain,"72505394728,KEWR,KLGA,72502014734,E5816,KNYC,F1417,72503014732"
manhattan,2022-03-08,10.7,4.4,6.3,10.7,-1,3,-7.3,37.9,0,0,0,,0,0,65.9,36.6,264.3,1017.1,48.9,16,200.1,17.4,7,10,2022-03-08T06:18:54,2022-03-08T17:55:16,0.16,Partially cloudy,Clearing in the afternoon.,partly-cloudy-day,"72505394728,KEWR,KLGA,72502014734,E5816,KNYC,F1417,72503014732"
manhattan,2022-03-09,4.9,0.8,2.7,4.9,-4,-0.3,-2.2,73.3,13.63,100,58.33,"rain,snow",3.1,1,31,18.1,94.3,1017.3,88,10.5,21.5,1.8,1,10,2022-03-09T06:17:18,2022-03-09T17:56:22,0.21,"Snow, Rain, Partially cloudy",Partly cloudy throughout the day with a chance of rain or snow throughout the day.,snow,"72505394728,KEWR,KLGA,72502014734,E5816,KNYC,F1417,72503014732"
manhattan,2022-03-10,9.4,0.5,4.6,9.4,-1.6,3.7,-1.4,67.8,0,0,0,,0,0.7,16.9,9.8,191.8,1020.6,36.9,13.6,173.3,14.9,7,10,2022-03-10T06:15:41,2022-03-10T17:57:28,0.25,Partially cloudy,Partly cloudy throughout the day.,partly-cloudy-day,"72505394728,KEWR,KLGA,72502014734,E5816,F8726,KNYC,F1417,72503014732"
manhattan,2022-03-11,12,4.1,7.4,12,3.7,6.5,-2.4,52.4,0,0,0,,0,0,33.1,15,144.2,1017,34.6,16,218.7,18.7,8,10,2022-03-11T06:14:04,2022-03-11T17:58:34,0.3,Partially cloudy,Partly cloudy throughout the day.,partly-cloudy-day,"72505394728,KEWR,KLGA,72502014734,E5816,F8726,KNYC,F1417,72503014732"
manhattan,2022-03-12,8.3,-4.2,2.4,7.6,-12,-2.1,-1.8,75.2,10.54,100,33.33,"rain,snow,ice",5,0.7,68.5,35.5,244.7,998.6,95,11.1,35.3,3,2,10,2022-03-12T06:12:27,2022-03-12T17:59:39,0.35,"Snow, Rain, Ice, Overcast",Cloudy skies throughout the day with a chance of rain or snow throughout the day.,snow,"72505394728,KEWR,KLGA,72502014734,E5816,KNYC,F1417,72503014732"
manhattan,2022-03-13,1,-5.6,-2.4,-2.8,-13.5,-8,-13.1,44.3,0,0,0,snow,0.7,2,56.4,34.9,263.3,1019.8,50.7,15.4,221.1,18.4,8,10,2022-03-13T07:10:49,2022-03-13T19:00:44,0.39,Partially cloudy,Becoming cloudy in the afternoon.,snow,"72505394728,KEWR,KLGA,72502014734,E5816,KNYC,F1417,72503014732"
manhattan,2022-03-14,13.4,0,6.9,13.4,-3.5,5.3,-5,43.4,0,0,0,,0,0.1,37.7,18.8,220.8,1027.6,46.3,16,226.8,19.5,8,10,2022-03-14T07:09:11,2022-03-14T19:01:50,0.43,Partially cloudy,Clearing in the afternoon.,partly-cloudy-day,"72505394728,KEWR,KLGA,72502014734,E5816,F8726,KNYC,F1417,72503014732"
manhattan,2022-03-15,19.8,7.6,12.5,19.8,5.2,11.6,-0.7,41,0,0,0,rain,0,0,37.1,15.3,230.4,1022.7,40.3,16,217.7,18.7,8,10,2022-03-15T07:07:32,2022-03-15T19:02:54,0.46,Partially cloudy,Partly cloudy throughout the day.,partly-cloudy-day,"72505394728,KEWR,KLGA,72502014734,E5816,KNYC,F1417,72503014732"
manhattan,2022-03-16,17.9,10,13.4,17.9,10,13.4,3.2,50.9,0,0,0,,0,0,34.2,17.8,207.2,1021.7,24.7,16,226.4,19.7,8,10,2022-03-16T07:05:54,2022-03-16T19:03:59,0.48,Partially cloudy,Partly cloudy throughout the day.,partly-cloudy-day,"72505394728,KEWR,KLGA,72502014734,E5816,KNYC,F1417,72503014732"
manhattan,2022-03-17,11.8,6.9,9.3,11.8,4.1,8.2,7.8,90.4,1.94,100,29.17,rain,0,0,29.5,18.7,41.6,1016.8,86.4,4.2,41,3.4,3,10,2022-03-17T07:04:15,2022-03-17T19:05:04,0.5,"Rain, Partially cloudy",Partly cloudy throughout the day with rain in the morning and afternoon.,rain,"72505394728,KEWR,KLGA,72502014734,E5816,F8726,KNYC,F1417,72503014732"
manhattan,2022-03-18,22.4,10,14.4,22.4,10,14.4,9.4,75.4,0,0,0,rain,0,0,29.5,16.5,232,1015,49.1,11.8,214.8,18.6,8,10,2022-03-18T07:02:36,2022-03-18T19:06:08,0.5,Partially cloudy,Clearing in the afternoon.,partly-cloudy-day,"72505394728,KEWR,KLGA,72502014734,F8726,KNYC,F1417,72503014732"
manhattan,2022-03-19,19.9,9.3,14.4,19.9,7.3,14.1,10.4,78.4,1.57,100,8.33,rain,0,0,48.1,16.2,135.5,1009.6,73.2,10.9,172.5,14.8,6,10,2022-03-19T07:00:57,2022-03-19T19:07:12,0.51,"Rain, Partially cloudy",Partly cloudy throughout the day with late afternoon rain.,rain,"72505394728,KEWR,F7223,KLGA,72502014734,E5816,KNYC,F1417,72503014732"
manhattan,2022-03-20,15.8,7.9,12.8,15.8,4.1,12.3,4.1,56.3,0.25,100,4.17,rain,0,0,56.6,39.2,280,1008.3,80.5,16,103.8,9.1,5,10,2022-03-20T06:59:17,2022-03-20T19:08:16,0.53,"Rain, Partially cloudy",Partly cloudy throughout the day with early morning rain.,rain,"72505394728,KEWR,KLGA,72502014734,F8726,KNYC,F1417,72503014732"
manhattan,2022-03-21,16.8,7.1,11.3,16.8,4,10,-4.1,36.2,0,0,0,,0,0,48.7,28.4,300,1016.9,20.3,15.6,246.4,21.3,8,10,2022-03-21T06:57:38,2022-03-21T19:09:20,0.56,Partially cloudy,Partly cloudy throughout the day.,partly-cloudy-day,"72505394728,KEWR,KLGA,72502014734,F8726,KNYC,F1417,72503014732"
manhattan,2022-03-22,14,6.8,10.7,14,3.5,9.6,-10.3,23.7,0,0,0,,0,0,45.1,23.7,314.3,1020.7,48.6,16,235.2,20.3,8,10,2022-03-22T06:55:59,2022-03-22T19:10:23,0.61,Partially cloudy,Clearing in the afternoon.,partly-cloudy-day,"72505394728,KEWR,KLGA,72502014734,F8726,KNYC,F1417,72503014732"
manhattan,2022-03-23,9.1,4.6,6.4,7.3,1.4,3.6,-6.7,40.3,0.43,100,12.5,rain,0,0,41.8,18.4,81.1,1023.2,57.8,15.9,113.5,9.7,7,10,2022-03-23T06:54:19,2022-03-23T19:11:27,0.66,"Rain, Partially cloudy",Becoming cloudy in the afternoon with late afternoon rain.,rain,"72505394728,KEWR,KLGA,72502014734,F8726,KNYC,F1417,72503014732"
manhattan,2022-03-24,8.3,3.6,6,5.9,-0.8,2.3,4.5,90.3,10.22,100,45.83,rain,0,0,47.8,31.1,56.3,1013.3,100,6.6,29.7,2.5,1,10,2022-03-24T06:52:40,2022-03-24T19:12:31,0.71,"Rain, Overcast",Cloudy skies throughout the day with rain.,rain,"72505394728,KEWR,KLGA,72502014734,E5816,F8726,KNYC,F1417,72503014732"
manhattan,2022-03-25,15,6.7,10.3,15,3.8,9.8,3.2,64.7,12.06,100,16.67,rain,0,0,42.9,28.5,262.4,1002.9,78.2,15,160.3,13.9,9,10,2022-03-25T06:51:00,2022-03-25T19:13:34,0.77,"Rain, Partially cloudy",Partly cloudy throughout the day with early morning rain.,rain,"72505394728,KEWR,KLGA,72502014734,F8726,KNYC,F1417,72503014732"
manhattan,2022-03-26,10.9,7.1,9.7,10.9,4.3,8.6,-0.3,50.1,0.26,100,20.83,rain,0,0,49.4,23.5,269.7,998.5,91,15.9,141.9,12.3,7,10,2022-03-26T06:49:21,2022-03-26T19:14:37,0.83,"Rain, Overcast",Cloudy skies throughout the day with afternoon rain.,rain,"72505394728,KEWR,KLGA,72502014734,F8726,KNYC,F1417,72503014732"
manhattan,2022-03-27,7.3,0.2,4.5,4.1,-5.8,0.5,-5,50.7,0,0,0,"rain,snow",0,0,50.7,28.9,282.3,1003.5,72.1,16,124,10.6,5,10,2022-03-27T06:47:42,2022-03-27T19:15:40,0.88,Partially cloudy,Partly cloudy throughout the day.,partly-cloudy-day,"72505394728,KEWR,KLGA,72502014734,F8726,KNYC,F1417,72503014732"
manhattan,2022-03-28,-0.5,-4.9,-2.7,-7.1,-12.8,-9.5,-16.9,33.1,0,0,0,snow,0,0,56.9,39.2,295.6,1012.6,56.4,16,223.2,19.1,9,10,2022-03-28T06:46:02,2022-03-28T19:16:44,0.92,Partially cloudy,Partly cloudy throughout the day.,partly-cloudy-day,"72505394728,KEWR,KLGA,72502014734,KNYC,F1417,72503014732"
manhattan,2022-03-29,2.6,-4.2,-0.7,-1.9,-11.8,-6.5,-13.4,38.5,0,0,0,,0,0,54.9,29.4,304,1019.9,49.2,16,219.7,19,8,10,2022-03-29T06:44:23,2022-03-29T19:17:47,0.96,Partially cloudy,Partly cloudy throughout the day.,partly-cloudy-day,"72505394728,KEWR,KLGA,72502014734,KNYC,F1417,72503014732"
manhattan,2022-03-30,7.6,-1.3,3.1,6.1,-5.7,0.5,-11.1,35.8,0,0,0,snow,0,0,33.5,15.2,231.5,1021.6,39.5,16,156.3,13.2,6,10,2022-03-30T06:42:44,2022-03-30T19:18:50,0.99,Partially cloudy,Becoming cloudy in the afternoon.,partly-cloudy-day,"72505394728,KEWR,KLGA,72502014734,KNYC,F1417,72503014732"
manhattan,2022-03-31,18.6,6.6,13,18.6,4.9,12.7,8.7,75.7,0,0,0,rain,0,0,51.8,21.1,121.5,1006,96.8,12.7,94.5,8.2,4,10,2022-03-31T06:41:06,2022-03-31T19:19:53,1,Overcast,Cloudy skies throughout the day.,cloudy,"72505394728,KEWR,KLGA,72502014734,F8726,KNYC,F1417,72503014732"
